skill_id,effect_id,effect_name,category,mapping_status
SKD007,heavy-cleave,重い断ち斬り,normal,proposed_visual_mapping
SKD008,heavy-cleave,重い断ち斬り,normal,proposed_visual_mapping
SKD009,heavy-cleave,重い断ち斬り,normal,proposed_visual_mapping
SKD010,heavy-cleave,重い断ち斬り,normal,proposed_visual_mapping
SKD011,heavy-cleave,重い断ち斬り,normal,proposed_visual_mapping
SKD012,heavy-cleave,重い断ち斬り,normal,proposed_visual_mapping
SKD028,heavy-cleave,重い断ち斬り,normal,proposed_visual_mapping
SKD031,heavy-cleave,重い断ち斬り,normal,proposed_visual_mapping
SKD057,heavy-cleave,重い断ち斬り,normal,proposed_visual_mapping
SKD020,water-wave,水波,area,proposed_visual_mapping
SKD059,water-wave,水波,area,proposed_visual_mapping
SKD021,earth-rupture,地割れ,area,proposed_visual_mapping
SKD060,earth-rupture,地割れ,area,proposed_visual_mapping
SKD013,crimson-flash,紅蓮一閃,ssr,proposed_visual_mapping
SKD025,grand-crimson,紅蓮の大計,ssr,proposed_visual_mapping
SKD047,barrier-field,結界の陣,ssr,proposed_visual_mapping
SKD001,iaido-flash,細い居合一閃,normal,proposed_visual_mapping
SKD002,iaido-flash,細い居合一閃,normal,proposed_visual_mapping
SKD003,iaido-flash,細い居合一閃,normal,proposed_visual_mapping
SKD004,iaido-flash,細い居合一閃,normal,proposed_visual_mapping
SKD005,iaido-flash,細い居合一閃,normal,proposed_visual_mapping
SKD006,iaido-flash,細い居合一閃,normal,proposed_visual_mapping
SKD027,cross-slash,交差斬り,normal,proposed_visual_mapping
SKD030,cross-slash,交差斬り,normal,proposed_visual_mapping
SKD029,poison-slash,毒を引く斬撃,normal,proposed_visual_mapping
SKD019,fire-sweep,炎の横薙ぎ,area,proposed_visual_mapping
SKD022,wind-spiral,風刃の旋回,area,proposed_visual_mapping
SKD023,light-rain,光刃の降下,area,proposed_visual_mapping
SKD024,dark-sweep,闇の侵食,area,proposed_visual_mapping
SKD014,azure-flash,蒼波一閃,ssr,proposed_visual_mapping
SKD015,earth-flash,地裂一閃,ssr,proposed_visual_mapping
SKD016,tempest-flash,天嵐一閃,ssr,proposed_visual_mapping
SKD017,heavenly-flash,天光一閃,ssr,proposed_visual_mapping
SKD018,twilight-flash,宵闇一閃,ssr,proposed_visual_mapping
SKD042,grand-healing,慈愛の大祈祷,ssr,proposed_visual_mapping
SKD050,counter-stance,迎撃の構え,ssr,proposed_visual_mapping
SKD056,formation-break,破陣撃,ssr,proposed_visual_mapping
SKD066,war-god-rally,軍神の号令,ssr,proposed_visual_mapping
SKD071,purification,大祓い,ssr,proposed_visual_mapping
SKD072,power-break-flash,破勢の一閃,ssr,proposed_visual_mapping
SKD026,existing_projectile,後陣射ち：既存飛び道具を保持,existing,keep
